"Strain","Phylum","Class","Order","Family","Genus","Species","Rate","Dataset","RateType","T_opt"
"Streptococcus pyogenes","Firmicutes","Bacilli","Lactobacillales","Streptococcaceae","Streptococcus","pyogenes",0.018,"DeLong2010","Active Metabolic Rate",NA
"Lactococcus lactis","Firmicutes","Bacilli","Lactobacillales","Streptococcaceae","Lactococcus","lactis",0.0167,"DeLong2010","Active Metabolic Rate",NA
"Neisseria gonorrhoeae","Proteobacteria","Betaproteobacteria","Neisseriales","Neisseriaceae","Neisseria","gonorrhoeae",0.00825,"DeLong2010","Active Metabolic Rate",NA
"Streptococcus pneumoniae","Firmicutes","Bacilli","Lactobacillales","Streptococcaceae","Streptococcus","pneumoniae",0.008,"DeLong2010","Active Metabolic Rate",NA
"Streptococcus thermophilus","Firmicutes","Bacilli","Lactobacillales","Streptococcaceae","Streptococcus","thermophilus",0.00116923076923077,"DeLong2010","Active Metabolic Rate",NA
"Neisseria meningitidis","Proteobacteria","Betaproteobacteria","Neisseriales","Neisseriaceae","Neisseria","meningitidis",0.0165333333333333,"DeLong2010","Active Metabolic Rate",NA
"Streptococcus agalactiae","Firmicutes","Bacilli","Lactobacillales","Streptococcaceae","Streptococcus","agalactiae",0.0325,"DeLong2010","Active Metabolic Rate",NA
"Aerobacter aerogenes","Proteobacteria","Gammaproteobacteria","Enterobacterales","Enterobacteriaceae","Klebsiella","aerogenes",0.06125,"DeLong2010","Active Metabolic Rate",NA
"Enterococcus cecorum","Firmicutes","Bacilli","Lactobacillales","Enterococcaceae","Enterococcus","cecorum",0.0405,"DeLong2010","Active Metabolic Rate",NA
"Vibrio sp. DW1","Proteobacteria","Gammaproteobacteria","Vibrionales","Vibrionaceae","Vibrio",NA,0.0708888888888889,"DeLong2010","Active Metabolic Rate",NA
"Bdellovibrio bacteriovorus","Proteobacteria","Oligoflexia","Bdellovibrionales","Bdellovibrionaceae","Bdellovibrio","bacteriovorus",0.01264,"DeLong2010","Active Metabolic Rate",NA
"Staphylococcus epidermidis","Firmicutes","Bacilli","Bacillales","Staphylococcaceae","Staphylococcus","epidermidis",0.0334,"DeLong2010","Active Metabolic Rate",NA
"Pseudomonas aeruginosa","Proteobacteria","Gammaproteobacteria","Pseudomonadales","Pseudomonadaceae","Pseudomonas","aeruginosa",0.89,"DeLong2010","Active Metabolic Rate",NA
"Rhizobium leguminosarum","Proteobacteria","Alphaproteobacteria","Rhizobiales","Rhizobiaceae","Rhizobium","leguminosarum",0.0166666666666667,"DeLong2010","Active Metabolic Rate",NA
"Zymomonas mobilis","Proteobacteria","Alphaproteobacteria","Sphingomonadales","Sphingomonadaceae","Zymomonas","mobilis",0.0875,"DeLong2010","Active Metabolic Rate",NA
"Burkholderia sp. JT1500","Proteobacteria","Betaproteobacteria","Burkholderiales","Burkholderiaceae","Burkholderia","sp.JT1500",0.148939393939394,"DeLong2010","Active Metabolic Rate",NA
"Bradyrhizobium sp.","Proteobacteria","Alphaproteobacteria","Rhizobiales","Bradyrhizobiaceae","Bradyrhizobium","sp.",0.0441428571428571,"DeLong2010","Active Metabolic Rate",NA
"Bacillus licheniformis","Firmicutes","Bacilli","Bacillales","Bacillaceae","Bacillus","licheniformis",0.058125,"DeLong2010","Active Metabolic Rate",NA
"Enterococcus sp. RfL6","Firmicutes","Bacilli","Lactobacillales","Enterococcaceae","Enterococcus",NA,0.0465,"DeLong2010","Active Metabolic Rate",NA
"Lactococcus sp. TmLO5","Firmicutes","Bacilli","Lactobacillales","Streptococcaceae","Lactococcus",NA,0.01575,"DeLong2010","Active Metabolic Rate",NA
"Alteromonas haloplanktis","Proteobacteria","Gammaproteobacteria","Alteromonadales","Pseudoalteromonadaceae","Pseudoalteromonas","haloplanktis",0.187,"DeLong2010","Active Metabolic Rate",NA
"Azospirillum brasilense","Proteobacteria","Alphaproteobacteria","Rhodospirillales","Rhodospirillaceae","Azospirillum","brasilense",0.028,"DeLong2010","Active Metabolic Rate",NA
"Bacillus macerans","Firmicutes","Bacilli","Bacillales","Paenibacillaceae","Paenibacillus","macerans",0.00613,"DeLong2010","Active Metabolic Rate",NA
"Pseudomonas natrigiens","Proteobacteria","Gammaproteobacteria","Vibrionales","Vibrionaceae","Vibrio","natriegens",0.135,"DeLong2010","Active Metabolic Rate",NA
"Streptococcus faecalis","Firmicutes","Bacilli","Lactobacillales","Enterococcaceae","Enterococcus","faecalis",0.0292,"DeLong2010","Active Metabolic Rate",NA
"Bacillus subtilis","Firmicutes","Bacilli","Bacillales","Bacillaceae","Bacillus","subtilis",0.0506363636363636,"DeLong2010","Active Metabolic Rate",NA
"Escherichia coli","Proteobacteria","Gammaproteobacteria","Enterobacterales","Enterobacteriaceae","Escherichia","coli",0.115833333333333,"DeLong2010","Active Metabolic Rate",NA
"Pseudomonas fluorescens","Proteobacteria","Gammaproteobacteria","Pseudomonadales","Pseudomonadaceae","Pseudomonas","fluorescens",0.0394166666666667,"DeLong2010","Active Metabolic Rate",NA
"Lactobacillus bulgaricus","Firmicutes","Bacilli","Lactobacillales","Lactobacillaceae","Lactobacillus","delbrueckii",0.00915384615384615,"DeLong2010","Active Metabolic Rate",NA
"Pseudomonas perfectomarinus","Proteobacteria","Gammaproteobacteria","Pseudomonadales","Pseudomonadaceae","Pseudomonas","stutzeri",0.206470588235294,"DeLong2010","Active Metabolic Rate",NA
"Desulfovibrio propionicus","Proteobacteria","Deltaproteobacteria","Desulfovibrionales","Desulfovibrionaceae","Desulfovibrio",NA,0.0126111111111111,"DeLong2010","Active Metabolic Rate",NA
"Lactobacillus casei","Firmicutes","Bacilli","Lactobacillales","Lactobacillaceae","Lactobacillus","casei",0.0103684210526316,"DeLong2010","Active Metabolic Rate",NA
"Pseudomonas putida","Proteobacteria","Gammaproteobacteria","Pseudomonadales","Pseudomonadaceae","Pseudomonas","putida",0.117368421052632,"DeLong2010","Active Metabolic Rate",NA
"Vibrio anguillarum","Proteobacteria","Gammaproteobacteria","Vibrionales","Vibrionaceae","Vibrio","anguillarum",0.0680769230769231,"DeLong2010","Active Metabolic Rate",NA
"Bacillus cereus","Firmicutes","Bacilli","Bacillales","Bacillaceae","Bacillus","cereus",0.0432432432432432,"DeLong2010","Active Metabolic Rate",NA
"Lactobacillus plantarum","Firmicutes","Bacilli","Lactobacillales","Lactobacillaceae","Lactobacillus","plantarum",0.00992105263157895,"DeLong2010","Active Metabolic Rate",NA
"Azospirillum lipoferum","Proteobacteria","Alphaproteobacteria","Rhodospirillales","Rhodospirillaceae","Azospirillum","lipoferum",0.02975,"DeLong2010","Active Metabolic Rate",NA
"Azotobacter chroococcum","Proteobacteria","Gammaproteobacteria","Pseudomonadales","Pseudomonadaceae","Azotobacter","chroococcum",1.35,"DeLong2010","Active Metabolic Rate",NA
"Azotobacter agilis","Proteobacteria","Gammaproteobacteria","Pseudomonadales","Pseudomonadaceae","Azotobacter",NA,1.12631578947368,"DeLong2010","Active Metabolic Rate",NA
"Francisella tularensis","Proteobacteria","Gammaproteobacteria","Thiotrichales","Francisellaceae","Francisella","tularensis",0.000986,"DeLong2010","Passive Metabolic Rate",NA
"Haemophilus influenzae","Proteobacteria","Gammaproteobacteria","Pasteurellales","Pasteurellaceae","Haemophilus","influenzae",0.000132857142857143,"DeLong2010","Passive Metabolic Rate",NA
"Vibrio sp.","Proteobacteria","Gammaproteobacteria","Vibrionales","Vibrionaceae","Vibrio","sp.",0.000404285714285714,"DeLong2010","Passive Metabolic Rate",NA
"Methylophilus methylotrophus","Proteobacteria","Betaproteobacteria","Nitrosomonadales","Methylophilaceae","Methylophilus","methylotrophus",0.000342666666666667,"DeLong2010","Passive Metabolic Rate",NA
"Paracoccus denitrificans","Proteobacteria","Alphaproteobacteria","Rhodobacterales","Rhodobacteraceae","Paracoccus","denitrificans",0.00374375,"DeLong2010","Passive Metabolic Rate",NA
"Pseudomonas oleovorans","Proteobacteria","Gammaproteobacteria","Pseudomonadales","Pseudomonadaceae","Pseudomonas","oleovorans",0.0014875,"DeLong2010","Passive Metabolic Rate",NA
"Achromobacter ruhlandii","Proteobacteria","Betaproteobacteria","Burkholderiales","Alcaligenaceae","Achromobacter","ruhlandii",0.00675,"DeLong2010","Passive Metabolic Rate",NA
"Enterococcus faecalis","Firmicutes","Bacilli","Lactobacillales","Enterococcaceae","Enterococcus","faecalis",0.0001355,"DeLong2010","Passive Metabolic Rate",NA
"Lactococcus lactis","Firmicutes","Bacilli","Lactobacillales","Streptococcaceae","Lactococcus","lactis",0.0002705,"DeLong2010","Passive Metabolic Rate",NA
"Neisseria elongata","Proteobacteria","Betaproteobacteria","Neisseriales","Neisseriaceae","Neisseria","elongata",0.003745,"DeLong2010","Passive Metabolic Rate",NA
"Neisseria flava","Proteobacteria","Betaproteobacteria","Neisseriales","Neisseriaceae","Neisseria","flava",0.0054,"DeLong2010","Passive Metabolic Rate",NA
"Neisseria gonorrhoeae","Proteobacteria","Betaproteobacteria","Neisseriales","Neisseriaceae","Neisseria","gonorrhoeae",0.00016,"DeLong2010","Passive Metabolic Rate",NA
"Neisseria mucosa","Proteobacteria","Betaproteobacteria","Neisseriales","Neisseriaceae","Neisseria","mucosa",0.00675,"DeLong2010","Passive Metabolic Rate",NA
"Neisseria sicca","Proteobacteria","Betaproteobacteria","Neisseriales","Neisseriaceae","Neisseria","sicca",0.00585,"DeLong2010","Passive Metabolic Rate",NA
"Streptococcus pyogenes","Firmicutes","Bacilli","Lactobacillales","Streptococcaceae","Streptococcus","pyogenes",0.00149,"DeLong2010","Passive Metabolic Rate",NA
"Nitrobacter winogradskyi","Proteobacteria","Alphaproteobacteria","Rhizobiales","Bradyrhizobiaceae","Nitrobacter","winogradskyi",0.0045,"DeLong2010","Passive Metabolic Rate",NA
"Thiobacillus ferrooxidans","Proteobacteria","Acidithiobacillia","Acidithiobacillales","Acidithiobacillaceae","Acidithiobacillus","ferrooxidans",0.0003336,"DeLong2010","Passive Metabolic Rate",NA
"Thiobacillus thiooxidans","Proteobacteria","Acidithiobacillia","Acidithiobacillales","Acidithiobacillaceae","Acidithiobacillus","thiooxidans",0.000792,"DeLong2010","Passive Metabolic Rate",NA
"Xanthomonas axonopodis","Proteobacteria","Gammaproteobacteria","Xanthomonadales","Xanthomonadaceae","Xanthomonas","axonopodis",0.01668,"DeLong2010","Passive Metabolic Rate",NA
"Staphylococcus aureus","Firmicutes","Bacilli","Bacillales","Staphylococcaceae","Staphylococcus","aureus",0.00425925925925926,"DeLong2010","Passive Metabolic Rate",NA
"Acidovorax facilis","Proteobacteria","Betaproteobacteria","Burkholderiales","Comamonadaceae","Acidovorax","facilis",0.00315666666666667,"DeLong2010","Passive Metabolic Rate",NA
"Bdellovibrio bacteriovorus","Proteobacteria","Oligoflexia","Bdellovibrionales","Bdellovibrionaceae","Bdellovibrio","bacteriovorus",0.0112666666666667,"DeLong2010","Passive Metabolic Rate",NA
"Brucella melitensis","Proteobacteria","Alphaproteobacteria","Rhizobiales","Brucellaceae","Brucella","melitensis",0.00216333333333333,"DeLong2010","Passive Metabolic Rate",NA
"Enterobacter aerogenes","Proteobacteria","Gammaproteobacteria","Enterobacterales","Enterobacteriaceae","Klebsiella","aerogenes",0.0045,"DeLong2010","Passive Metabolic Rate",NA
"Flavobacterium capsulatum","Proteobacteria","Alphaproteobacteria","Sphingomonadales","Sphingomonadaceae","Novosphingobium","capsulatum",0.0284333333333333,"DeLong2010","Passive Metabolic Rate",NA
"Legionella pneumophila","Proteobacteria","Gammaproteobacteria","Legionellales","Legionellaceae","Legionella","pneumophila",0.00533333333333333,"DeLong2010","Passive Metabolic Rate",NA
"Streptococcus agalactiae","Firmicutes","Bacilli","Lactobacillales","Streptococcaceae","Streptococcus","agalactiae",0.000453333333333333,"DeLong2010","Passive Metabolic Rate",NA
"Enterococcus cecorum","Firmicutes","Bacilli","Lactobacillales","Enterococcaceae","Enterococcus","cecorum",0.001715,"DeLong2010","Passive Metabolic Rate",NA
"Haemophilus parainfluenzae","Proteobacteria","Gammaproteobacteria","Pasteurellales","Pasteurellaceae","Haemophilus","parainfluenzae",0.0009325,"DeLong2010","Passive Metabolic Rate",NA
"Halomonas halodenitrificans","Proteobacteria","Gammaproteobacteria","Oceanospirillales","Halomonadaceae","Halomonas","halodenitrificans",0.04475,"DeLong2010","Passive Metabolic Rate",NA
"Klebsiella pneumoniae","Proteobacteria","Gammaproteobacteria","Enterobacterales","Enterobacteriaceae","Klebsiella","pneumoniae",0.0014875,"DeLong2010","Passive Metabolic Rate",NA
"Proteus morganii","Proteobacteria","Gammaproteobacteria","Enterobacterales","Morganellaceae","Morganella","morganii",0.002255,"DeLong2010","Passive Metabolic Rate",NA
"Proteus vulgaris","Proteobacteria","Gammaproteobacteria","Enterobacterales","Morganellaceae","Proteus","vulgaris",0.0013325,"DeLong2010","Passive Metabolic Rate",NA
"Sallinivibrio costicola","Proteobacteria","Gammaproteobacteria","Vibrionales","Vibrionaceae","Salinivibrio","costicola",0.004675,"DeLong2010","Passive Metabolic Rate",NA
"Serratia marcescens","Proteobacteria","Gammaproteobacteria","Enterobacterales","Yersiniaceae","Serratia","marcescens",0.001065,"DeLong2010","Passive Metabolic Rate",NA
"Streptococcus pneumoniae","Firmicutes","Bacilli","Lactobacillales","Streptococcaceae","Streptococcus","pneumoniae",0.0007675,"DeLong2010","Passive Metabolic Rate",NA
"Taylorella equigenitalis","Proteobacteria","Betaproteobacteria","Burkholderiales","Alcaligenaceae","Taylorella","equigenitalis",4.5e-05,"DeLong2010","Passive Metabolic Rate",NA
"Thiobacillus intermedius","Proteobacteria","Betaproteobacteria","Burkholderiales",NA,"Thiomonas","intermedia",0.00495,"DeLong2010","Passive Metabolic Rate",NA
"Achromobacter xerosis","Proteobacteria","Betaproteobacteria","Burkholderiales","Alcaligenaceae","Achromobacter",NA,0.01038,"DeLong2010","Passive Metabolic Rate",NA
"Azorhizobium caulinodans","Proteobacteria","Alphaproteobacteria","Rhizobiales","Xanthobacteraceae","Azorhizobium","caulinodans",0.01714,"DeLong2010","Passive Metabolic Rate",NA
"Azotobacter vinelandii","Proteobacteria","Gammaproteobacteria","Pseudomonadales","Pseudomonadaceae","Azotobacter","vinelandii",0.000676,"DeLong2010","Passive Metabolic Rate",NA
"Pseudomonas aeruginosa","Proteobacteria","Gammaproteobacteria","Pseudomonadales","Pseudomonadaceae","Pseudomonas","aeruginosa",0.00302,"DeLong2010","Passive Metabolic Rate",NA
"Staphylococcus epidermidis","Firmicutes","Bacilli","Bacillales","Staphylococcaceae","Staphylococcus","epidermidis",0.01218,"DeLong2010","Passive Metabolic Rate",NA
"Yersinia pestis","Proteobacteria","Gammaproteobacteria","Enterobacterales","Yersiniaceae","Yersinia","pestis",0.00252727272727273,"DeLong2010","Passive Metabolic Rate",NA
"Achromobacter sp.","Proteobacteria","Betaproteobacteria","Burkholderiales","Alcaligenaceae","Achromobacter","sp.",0.00378333333333333,"DeLong2010","Passive Metabolic Rate",NA
"Achromobacter viscosus","Proteobacteria","Betaproteobacteria","Burkholderiales","Alcaligenaceae","Achromobacter",NA,0.0157833333333333,"DeLong2010","Passive Metabolic Rate",NA
"Aminobacter lissarensis","Proteobacteria","Alphaproteobacteria","Rhizobiales","Phyllobacteriaceae","Aminobacter","lissarensis",0.00106666666666667,"DeLong2010","Passive Metabolic Rate",NA
"Nitrosomonas europaea","Proteobacteria","Betaproteobacteria","Nitrosomonadales","Nitrosomonadaceae","Nitrosomonas","europaea",0.00733333333333333,"DeLong2010","Passive Metabolic Rate",NA
"Rhizobium leguminosarum","Proteobacteria","Alphaproteobacteria","Rhizobiales","Rhizobiaceae","Rhizobium","leguminosarum",0.00428333333333333,"DeLong2010","Passive Metabolic Rate",NA
"Vibrio alginolyticus","Proteobacteria","Gammaproteobacteria","Vibrionales","Vibrionaceae","Vibrio","alginolyticus",0.00148833333333333,"DeLong2010","Passive Metabolic Rate",NA
"Vibrio fischeri","Proteobacteria","Gammaproteobacteria","Vibrionales","Vibrionaceae","Aliivibrio","fischeri",0.022,"DeLong2010","Passive Metabolic Rate",NA
"Vibrio metschnikovii","Proteobacteria","Gammaproteobacteria","Vibrionales","Vibrionaceae","Vibrio","metschnikovii",0.00148833333333333,"DeLong2010","Passive Metabolic Rate",NA
"Vibrio parahaemolyticus","Proteobacteria","Gammaproteobacteria","Vibrionales","Vibrionaceae","Vibrio","parahaemolyticus",0.000766666666666667,"DeLong2010","Passive Metabolic Rate",NA
"Salmonella typhimurium","Proteobacteria","Gammaproteobacteria","Enterobacterales","Enterobacteriaceae","Salmonella","enterica",0.004,"DeLong2010","Passive Metabolic Rate",NA
"Bacillus pumilus","Firmicutes","Bacilli","Bacillales","Bacillaceae","Bacillus","pumilus",0.00225714285714286,"DeLong2010","Passive Metabolic Rate",NA
"Bacillus stearothermophilus","Firmicutes","Bacilli","Bacillales","Bacillaceae","Geobacillus","stearothermophilus",0.000872857142857143,"DeLong2010","Passive Metabolic Rate",NA
"Bradyrhizobium japonicum","Proteobacteria","Alphaproteobacteria","Rhizobiales","Bradyrhizobiaceae","Bradyrhizobium","japonicum",0.000487142857142857,"DeLong2010","Passive Metabolic Rate",NA
"Burkholderia sp.","Proteobacteria","Betaproteobacteria","Burkholderiales","Burkholderiaceae","Burkholderia","sp.",0.00947142857142857,"DeLong2010","Passive Metabolic Rate",NA
"Escherichia coli","Proteobacteria","Gammaproteobacteria","Enterobacterales","Enterobacteriaceae","Escherichia","coli",0.00852857142857143,"DeLong2010","Passive Metabolic Rate",NA
"Rhizobium japonicum","Proteobacteria","Alphaproteobacteria","Rhizobiales","Bradyrhizobiaceae","Bradyrhizobium","japonicum",0.0125285714285714,"DeLong2010","Passive Metabolic Rate",NA
"Rhizobium meliloti","Proteobacteria","Alphaproteobacteria","Rhizobiales","Rhizobiaceae","Sinorhizobium","meliloti",0.00541428571428571,"DeLong2010","Passive Metabolic Rate",NA
"Acetobacter aceti","Proteobacteria","Alphaproteobacteria","Rhodospirillales","Acetobacteraceae","Acetobacter","aceti",0.000270666666666667,"DeLong2010","Passive Metabolic Rate",NA
"Alcaligenes eutrophus","Proteobacteria","Betaproteobacteria","Burkholderiales","Burkholderiaceae","Cupriavidus","necator",0.02975,"DeLong2010","Passive Metabolic Rate",NA
"Bacillus popilliae","Firmicutes","Bacilli","Bacillales","Paenibacillaceae","Paenibacillus","popilliae",0.00036125,"DeLong2010","Passive Metabolic Rate",NA
"Delftia acidovorans","Proteobacteria","Betaproteobacteria","Burkholderiales","Comamonadaceae","Delftia","acidovorans",0.0058625,"DeLong2010","Passive Metabolic Rate",NA
"Enterococcus sp.","Firmicutes","Bacilli","Lactobacillales","Enterococcaceae","Enterococcus","sp.",0.014875,"DeLong2010","Passive Metabolic Rate",NA
"Lactococcus sp.","Firmicutes","Bacilli","Lactobacillales","Streptococcaceae","Lactococcus","sp.",0.0010375,"DeLong2010","Passive Metabolic Rate",NA
"Rhodobacter sphaeroides","Proteobacteria","Alphaproteobacteria","Rhodobacterales","Rhodobacteraceae","Rhodobacter","sphaeroides",0.00895,"DeLong2010","Passive Metabolic Rate",NA
"Aquaspirillum itersonii","Proteobacteria","Alphaproteobacteria","Rhodospirillales","Rhodospirillaceae","Novispirillum","itersonii",0.00451111111111111,"DeLong2010","Passive Metabolic Rate",NA
"Bacillus firmus","Firmicutes","Bacilli","Bacillales","Bacillaceae","Bacillus","firmus",0.00586666666666667,"DeLong2010","Passive Metabolic Rate",NA
"Enterobacter cloacae","Proteobacteria","Gammaproteobacteria","Enterobacterales","Enterobacteriaceae","Enterobacter","cloacae",0.014,"DeLong2010","Passive Metabolic Rate",NA
"Azospirillum brasiliense","Proteobacteria","Alphaproteobacteria","Rhodospirillales","Rhodospirillaceae","Azospirillum","brasilense",0.00719,"DeLong2010","Passive Metabolic Rate",NA
"Methylobacterium extorquens","Proteobacteria","Alphaproteobacteria","Rhizobiales","Methylobacteriaceae","Methylorubrum","extorquens",0.00271,"DeLong2010","Passive Metabolic Rate",NA
"Methylosinus trichosporium","Proteobacteria","Alphaproteobacteria","Rhizobiales","Methylocystaceae","Methylosinus","trichosporium",0.0189,"DeLong2010","Passive Metabolic Rate",NA
"Myxococcus xanthus","Proteobacteria","Deltaproteobacteria","Myxococcales","Myxococcaceae","Myxococcus","xanthus",0.00208,"DeLong2010","Passive Metabolic Rate",NA
"Pseudomonas fluorescens","Proteobacteria","Gammaproteobacteria","Pseudomonadales","Pseudomonadaceae","Pseudomonas","fluorescens",0.00232,"DeLong2010","Passive Metabolic Rate",NA
"Thiocapsa roseopersicina","Proteobacteria","Gammaproteobacteria","Chromatiales","Chromatiaceae","Thiocapsa","roseopersicina",0.00253,"DeLong2010","Passive Metabolic Rate",NA
"Branhamella catarrhalis","Proteobacteria","Gammaproteobacteria","Pseudomonadales","Moraxellaceae","Moraxella","catarrhalis",0.000453076923076923,"DeLong2010","Passive Metabolic Rate",NA
"Bacillus subtilis","Firmicutes","Bacilli","Bacillales","Bacillaceae","Bacillus","subtilis",0.00148571428571429,"DeLong2010","Passive Metabolic Rate",NA
"Agrobacterium tumefaciens","Proteobacteria","Alphaproteobacteria","Rhizobiales","Rhizobiaceae","Agrobacterium","tumefaciens",0.009,"DeLong2010","Passive Metabolic Rate",NA
"Beneckea natriegens","Proteobacteria","Gammaproteobacteria","Vibrionales","Vibrionaceae","Vibrio","natriegens",0.119333333333333,"DeLong2010","Passive Metabolic Rate",NA
"Chromatium vinosum","Proteobacteria","Gammaproteobacteria","Chromatiales","Chromatiaceae","Allochromatium","vinosum",0.000993333333333333,"DeLong2010","Passive Metabolic Rate",NA
"Desulfovibrio salexigens","Proteobacteria","Deltaproteobacteria","Desulfovibrionales","Desulfovibrionaceae","Desulfovibrio","salexigens",0.00586666666666667,"DeLong2010","Passive Metabolic Rate",NA
"Lactobacillus brevis","Firmicutes","Bacilli","Lactobacillales","Lactobacillaceae","Lactobacillus","brevis",9e-05,"DeLong2010","Passive Metabolic Rate",NA
"Pseudomonas putida","Proteobacteria","Gammaproteobacteria","Pseudomonadales","Pseudomonadaceae","Pseudomonas","putida",0.000451176470588235,"DeLong2010","Passive Metabolic Rate",NA
"Acinetobacter baumannii","Proteobacteria","Gammaproteobacteria","Pseudomonadales","Moraxellaceae","Acinetobacter","baumannii",0.0054,"DeLong2010","Passive Metabolic Rate",NA
"Acinetobacter calcoaceticus","Proteobacteria","Gammaproteobacteria","Pseudomonadales","Moraxellaceae","Acinetobacter","calcoaceticus",0.00302,"DeLong2010","Passive Metabolic Rate",NA
"Acinetobacter johnsonii","Proteobacteria","Gammaproteobacteria","Pseudomonadales","Moraxellaceae","Acinetobacter","johnsonii",0.02075,"DeLong2010","Passive Metabolic Rate",NA
"Acinetobacter sp.","Proteobacteria","Gammaproteobacteria","Pseudomonadales","Moraxellaceae","Acinetobacter","sp.",0.0022,"DeLong2010","Passive Metabolic Rate",NA
"Acinetobacter sp.","Proteobacteria","Gammaproteobacteria","Pseudomonadales","Moraxellaceae","Acinetobacter","sp.",0.002705,"DeLong2010","Passive Metabolic Rate",NA
"Acinetobacter sp.","Proteobacteria","Gammaproteobacteria","Pseudomonadales","Moraxellaceae","Acinetobacter","sp.",0.00361,"DeLong2010","Passive Metabolic Rate",NA
"Phaeospirillum fulvum","Proteobacteria","Alphaproteobacteria","Rhodospirillales","Rhodospirillaceae","Phaeospirillum","fulvum",0.01475,"DeLong2010","Passive Metabolic Rate",NA
"Pediococcus acidilactici","Firmicutes","Bacilli","Lactobacillales","Lactobacillaceae","Pediococcus","acidilactici",0.00149090909090909,"DeLong2010","Passive Metabolic Rate",NA
"Moraxella osloensis","Proteobacteria","Gammaproteobacteria","Pseudomonadales","Moraxellaceae","Moraxella","osloensis",0.0058695652173913,"DeLong2010","Passive Metabolic Rate",NA
"Methylomicrobium sp.","Proteobacteria","Gammaproteobacteria","Methylococcales","Methylococcaceae","Methylomicrobium","sp.",0.00496666666666667,"DeLong2010","Passive Metabolic Rate",NA
"Bacillus cereus","Firmicutes","Bacilli","Bacillales","Bacillaceae","Bacillus","cereus",0.00372972972972973,"DeLong2010","Passive Metabolic Rate",NA
"Sporosarcina ureae","Firmicutes","Bacilli","Bacillales","Planococcaceae","Sporosarcina","ureae",0.00542105263157895,"DeLong2010","Passive Metabolic Rate",NA
"Azospirillum lipoferum","Proteobacteria","Alphaproteobacteria","Rhodospirillales","Rhodospirillaceae","Azospirillum","lipoferum",0.0104,"DeLong2010","Passive Metabolic Rate",NA
"Amoebobacter roseus","Proteobacteria","Gammaproteobacteria","Chromatiales","Chromatiaceae","Thiocapsa","rosea",0.00244,"DeLong2010","Passive Metabolic Rate",NA
"Amoebobaeter pendens","Proteobacteria","Gammaproteobacteria","Chromatiales","Chromatiaceae","Thiocapsa","pendens",0.00384,"DeLong2010","Passive Metabolic Rate",NA
"Sphaerotilus natans","Proteobacteria","Betaproteobacteria","Burkholderiales",NA,"Sphaerotilus","natans",0.0236923076923077,"DeLong2010","Passive Metabolic Rate",NA
"Bacillus megaterium","Firmicutes","Bacilli","Bacillales","Bacillaceae","Bacillus","megaterium",0.00148571428571429,"DeLong2010","Passive Metabolic Rate",NA
"Pseudomonas formicans","Proteobacteria","Gammaproteobacteria","Pseudomonadales","Pseudomonadaceae","Pseudomonas",NA,0.00451428571428571,"DeLong2010","Passive Metabolic Rate",NA
"Rhodospirillum rubrum","Proteobacteria","Alphaproteobacteria","Rhodospirillales","Rhodospirillaceae","Rhodospirillum","rubrum",0.002,"DeLong2010","Passive Metabolic Rate",NA
"Thiocystis violacea","Proteobacteria","Gammaproteobacteria","Chromatiales","Chromatiaceae","Thiocystis","violacea",0.00112727272727273,"DeLong2010","Passive Metabolic Rate",NA
"Azomonas agilis?","Proteobacteria","Gammaproteobacteria","Pseudomonadales","Pseudomonadaceae","Azomonas","agilis",0.0129230769230769,"DeLong2010","Passive Metabolic Rate",NA
"Azotobacter chroococcum","Proteobacteria","Gammaproteobacteria","Pseudomonadales","Pseudomonadaceae","Azotobacter","chroococcum",0.0112857142857143,"DeLong2010","Passive Metabolic Rate",NA
"Amoebobacter purpureus","Proteobacteria","Gammaproteobacteria","Chromatiales","Chromatiaceae","Lamprocystis","purpurea",0.00497222222222222,"DeLong2010","Passive Metabolic Rate",NA
"Aerobacter aerogenes","Proteobacteria","Gammaproteobacteria","Enterobacterales","Enterobacteriaceae","Klebsiella","aerogenes",26.03,"DeLong2010","20C Growth Rate",NA
"Alteromonas haloplanktis","Proteobacteria","Gammaproteobacteria","Alteromonadales","Pseudoalteromonadaceae","Pseudoalteromonas","haloplanktis",5.56,"DeLong2010","20C Growth Rate",NA
"Azospirillum brasilense","Proteobacteria","Alphaproteobacteria","Rhodospirillales","Rhodospirillaceae","Azospirillum","brasilense",6.18,"DeLong2010","20C Growth Rate",NA
"Azospirillum lipoferum","Proteobacteria","Alphaproteobacteria","Rhodospirillales","Rhodospirillaceae","Azospirillum","lipoferum",3.85,"DeLong2010","20C Growth Rate",NA
"Azotobacter chroococcum","Proteobacteria","Gammaproteobacteria","Pseudomonadales","Pseudomonadaceae","Azotobacter","chroococcum",13.88,"DeLong2010","20C Growth Rate",NA
"Bacillus cereus","Firmicutes","Bacilli","Bacillales","Bacillaceae","Bacillus","cereus",25.02,"DeLong2010","20C Growth Rate",NA
"Bacillus licheniformis","Firmicutes","Bacilli","Bacillales","Bacillaceae","Bacillus","licheniformis",4.09,"DeLong2010","20C Growth Rate",NA
"Bacillus macerans","Firmicutes","Bacilli","Bacillales","Paenibacillaceae","Paenibacillus","macerans",2.35,"DeLong2010","20C Growth Rate",NA
"Bacillus subtilis","Firmicutes","Bacilli","Bacillales","Bacillaceae","Bacillus","subtilis",15.61,"DeLong2010","20C Growth Rate",NA
"Bdellovibrio bacteriovorus","Proteobacteria","Oligoflexia","Bdellovibrionales","Bdellovibrionaceae","Bdellovibrio","bacteriovorus",5.36,"DeLong2010","20C Growth Rate",NA
"Desulfovibrio propionicus","Proteobacteria","Deltaproteobacteria","Desulfovibrionales","Desulfovibrionaceae","Desulfovibrio",NA,1.71,"DeLong2010","20C Growth Rate",NA
"Escherichia coli","Proteobacteria","Gammaproteobacteria","Enterobacterales","Enterobacteriaceae","Escherichia","coli",36.02,"DeLong2010","20C Growth Rate",NA
"Lactobacillus bulgaricus","Firmicutes","Bacilli","Lactobacillales","Lactobacillaceae","Lactobacillus","delbrueckii",12.17,"DeLong2010","20C Growth Rate",NA
"Lactobacillus casei","Firmicutes","Bacilli","Lactobacillales","Lactobacillaceae","Lactobacillus","casei",11.85,"DeLong2010","20C Growth Rate",NA
"Lactobacillus plantarum","Firmicutes","Bacilli","Lactobacillales","Lactobacillaceae","Lactobacillus","plantarum",4.69,"DeLong2010","20C Growth Rate",NA
"Lactococcus lactis","Firmicutes","Bacilli","Lactobacillales","Streptococcaceae","Lactococcus","lactis",10.72,"DeLong2010","20C Growth Rate",NA
"Neisseria gonorrhoeae","Proteobacteria","Betaproteobacteria","Neisseriales","Neisseriaceae","Neisseria","gonorrhoeae",3.88,"DeLong2010","20C Growth Rate",NA
"Neisseria meningitidis","Proteobacteria","Betaproteobacteria","Neisseriales","Neisseriaceae","Neisseria","meningitidis",4.43,"DeLong2010","20C Growth Rate",NA
"Pseudomonas aeruginosa","Proteobacteria","Gammaproteobacteria","Pseudomonadales","Pseudomonadaceae","Pseudomonas","aeruginosa",8.86,"DeLong2010","20C Growth Rate",NA
"Pseudomonas fluorescens","Proteobacteria","Gammaproteobacteria","Pseudomonadales","Pseudomonadaceae","Pseudomonas","fluorescens",13.15,"DeLong2010","20C Growth Rate",NA
"Pseudomonas natriegens","Proteobacteria","Gammaproteobacteria","Vibrionales","Vibrionaceae","Vibrio","natriegens",27.13,"DeLong2010","20C Growth Rate",NA
"Pseudomonas perfectomarinus","Proteobacteria","Gammaproteobacteria","Pseudomonadales","Pseudomonadaceae","Pseudomonas","stutzeri",3.75,"DeLong2010","20C Growth Rate",NA
"Pseudomonas putida","Proteobacteria","Gammaproteobacteria","Pseudomonadales","Pseudomonadaceae","Pseudomonas","putida",10.93,"DeLong2010","20C Growth Rate",NA
"Rhizobium leguminosarum","Proteobacteria","Alphaproteobacteria","Rhizobiales","Rhizobiaceae","Rhizobium","leguminosarum",2.07,"DeLong2010","20C Growth Rate",NA
"Staphylococcus epidermidis","Firmicutes","Bacilli","Bacillales","Staphylococcaceae","Staphylococcus","epidermidis",5.96,"DeLong2010","20C Growth Rate",NA
"Streptococcus agalactiae","Firmicutes","Bacilli","Lactobacillales","Streptococcaceae","Streptococcus","agalactiae",2.46,"DeLong2010","20C Growth Rate",NA
"Streptococcus faecalis","Firmicutes","Bacilli","Lactobacillales","Enterococcaceae","Enterococcus","faecalis",11.81,"DeLong2010","20C Growth Rate",NA
"Streptococcus pneumoniae","Firmicutes","Bacilli","Lactobacillales","Streptococcaceae","Streptococcus","pneumoniae",8.86,"DeLong2010","20C Growth Rate",NA
"Streptococcus pyogenes","Firmicutes","Bacilli","Lactobacillales","Streptococcaceae","Streptococcus","pyogenes",16.68,"DeLong2010","20C Growth Rate",NA
"Streptococcus thermophilus","Firmicutes","Bacilli","Lactobacillales","Streptococcaceae","Streptococcus","thermophilus",7.18,"DeLong2010","20C Growth Rate",NA
"Vibrio anguillarum","Proteobacteria","Gammaproteobacteria","Vibrionales","Vibrionaceae","Vibrio","anguillarum",9.1,"DeLong2010","20C Growth Rate",NA
"Acetobacterium fimetarium","Firmicutes","Clostridia","Clostridiales","Eubacteriaceae","Acetobacterium","fimetarium",1.69136536278532,"Smith2019","20C Growth Rate",302.987672358052
"Acetobacterium z-4290","Firmicutes","Clostridia","Clostridiales","Eubacteriaceae","Acetobacterium",NA,1.70958048181995,"Smith2019","20C Growth Rate",302.79802784364
"Acidibacter ferrireducens","Proteobacteria","Gammaproteobacteria",NA,NA,"Acidibacter","ferrireducens",0.167711808408667,"Smith2019","20C Growth Rate",307.611150756552
"Acidithiobacillus ferrivorans","Proteobacteria","Acidithiobacillia","Acidithiobacillales","Acidithiobacillaceae","Acidithiobacillus","ferrivorans",1.71745079526206,"Smith2019","20C Growth Rate",301.646887355954
"Acidocella aromatica","Proteobacteria","Alphaproteobacteria","Rhodospirillales","Acetobacteraceae","Acidocella","aromatica",1.90790365316764,"Smith2019","20C Growth Rate",304.260433541825
"Acidovorax sp. k33","Proteobacteria","Betaproteobacteria","Burkholderiales","Comamonadaceae","Acidovorax",NA,0.331168839837636,"Smith2019","20C Growth Rate",305.222984744631
"Aeromonas hydrophila","Proteobacteria","Gammaproteobacteria","Aeromonadales","Aeromonadaceae","Aeromonas","hydrophila",18.3863939050018,"Smith2019","20C Growth Rate",305.871595790538
"Bacillus cereus","Firmicutes","Bacilli","Bacillales","Bacillaceae","Bacillus","cereus",10.5471558196907,"Smith2019","20C Growth Rate",306.164416245081
"Bacillus cereus","Firmicutes","Bacilli","Bacillales","Bacillaceae","Bacillus","cereus",15.6624083085098,"Smith2019","20C Growth Rate",311.748815992664
"Bacillus cereus","Firmicutes","Bacilli","Bacillales","Bacillaceae","Bacillus","cereus",14.1035033490039,"Smith2019","20C Growth Rate",310.738984043911
"Bacillus cereus","Firmicutes","Bacilli","Bacillales","Bacillaceae","Bacillus","cereus",17.4408257296607,"Smith2019","20C Growth Rate",303.883562185276
"Bacillus megaterium","Firmicutes","Bacilli","Bacillales","Bacillaceae","Bacillus","megaterium",8.00586383933416,"Smith2019","20C Growth Rate",312.780168882426
"Bacillus megaterium","Firmicutes","Bacilli","Bacillales","Bacillaceae","Bacillus","megaterium",6.15436221976144,"Smith2019","20C Growth Rate",308.910103102741
"Bacillus subtilis","Firmicutes","Bacilli","Bacillales","Bacillaceae","Bacillus","subtilis",6.9501669477884,"Smith2019","20C Growth Rate",310.95843612706
"Bosea eneae","Proteobacteria","Alphaproteobacteria","Rhizobiales","Bradyrhizobiaceae","Bosea","eneae",0.262983924315231,"Smith2019","20C Growth Rate",299.747630560142
"Brochothrix thermosphacta","Firmicutes","Bacilli","Bacillales","Listeriaceae","Brochothrix","thermosphacta",16.6842139496017,"Smith2019","20C Growth Rate",300.835657904846
"Colwellia demingiae","Proteobacteria","Gammaproteobacteria","Alteromonadales","Colwelliaceae","Colwellia","demingiae",NA,"Smith2019","20C Growth Rate",281.937796597115
"Colwellia hornerae","Proteobacteria","Gammaproteobacteria","Alteromonadales","Colwelliaceae","Colwellia","hornerae",1.11770828399145,"Smith2019","20C Growth Rate",284.1939986284
"Colwellia psychrerythraea","Proteobacteria","Gammaproteobacteria","Alteromonadales","Colwelliaceae","Colwellia","psychrerythraea",0.272209807106277,"Smith2019","20C Growth Rate",286.175654208577
"Colwellia psychrotropica","Proteobacteria","Gammaproteobacteria","Alteromonadales","Colwelliaceae","Colwellia","psychrotropica",8.68046537165032,"Smith2019","20C Growth Rate",291.154810315189
"Desulfitobacterium dehalogenans","Firmicutes","Clostridia","Clostridiales","Peptococcaceae","Desulfitobacterium","dehalogenans",0.678641826153205,"Smith2019","20C Growth Rate",311.73169899844
"Desulfobacter curvatus","Proteobacteria","Deltaproteobacteria","Desulfobacterales","Desulfobacteraceae","Desulfobacter","curvatus",0.439196451480581,"Smith2019","20C Growth Rate",304.408135054877
"Desulfofaba gelida","Proteobacteria","Deltaproteobacteria","Desulfobacterales","Desulfobacteraceae","Desulfofaba","gelida",1.12805035569864e-157,"Smith2019","20C Growth Rate",280.557659665425
"Desulfofrigus fragile","Proteobacteria","Deltaproteobacteria","Desulfobacterales","Desulfobacteraceae","Desulfofrigus","fragile",0.859927066008247,"Smith2019","20C Growth Rate",294.393569957435
"Desulfofrigus oceanense","Proteobacteria","Deltaproteobacteria","Desulfobacterales","Desulfobacteraceae","Desulfofrigus","oceanense",0.00411661801235311,"Smith2019","20C Growth Rate",282.3280503698
"Desulforhopalus vacuolatus","Proteobacteria","Deltaproteobacteria","Desulfobacterales","Desulfobulbaceae","Desulforhopalus","vacuolatus",0.687714819304003,"Smith2019","20C Growth Rate",294.711296996513
"Desulfotalea arctica","Proteobacteria","Deltaproteobacteria","Desulfobacterales","Desulfobulbaceae","Desulfotalea","arctica",0.498782797586246,"Smith2019","20C Growth Rate",294.14661068883
"Desulfotalea psychrophila","Proteobacteria","Deltaproteobacteria","Desulfobacterales","Desulfobulbaceae","Desulfotalea","psychrophila",0.128209443959311,"Smith2019","20C Growth Rate",284.418993115121
"Enterococcus faecalis","Firmicutes","Bacilli","Lactobacillales","Enterococcaceae","Enterococcus","faecalis",6.60344956417375,"Smith2019","20C Growth Rate",311.080333991073
"Erwinia amylovora","Proteobacteria","Gammaproteobacteria","Enterobacteriales","Enterobacteriaceae","Erwinia","amylovora",7.76706867186765,"Smith2019","20C Growth Rate",301.970910724984
"Escherichia coli","Proteobacteria","Gammaproteobacteria","Enterobacteriales","Enterobacteriaceae","Escherichia","coli",7.91877563801208,"Smith2019","20C Growth Rate",310.696145844544
"Escherichia coli","Proteobacteria","Gammaproteobacteria","Enterobacteriales","Enterobacteriaceae","Escherichia","coli",9.60891055123645,"Smith2019","20C Growth Rate",312.866798513898
"Escherichia coli","Proteobacteria","Gammaproteobacteria","Enterobacteriales","Enterobacteriaceae","Escherichia","coli",10.5549513273314,"Smith2019","20C Growth Rate",312.766019817476
"Escherichia coli","Proteobacteria","Gammaproteobacteria","Enterobacteriales","Enterobacteriaceae","Escherichia","coli",11.2773208557467,"Smith2019","20C Growth Rate",311.858004681355
"Escherichia coli","Proteobacteria","Gammaproteobacteria","Enterobacteriales","Enterobacteriaceae","Escherichia","coli",11.8493508212099,"Smith2019","20C Growth Rate",311.701643283953
"Escherichia coli","Proteobacteria","Gammaproteobacteria","Enterobacteriales","Enterobacteriaceae","Escherichia","coli",13.9034685061535,"Smith2019","20C Growth Rate",313.288807583689
"Escherichia coli","Proteobacteria","Gammaproteobacteria","Enterobacteriales","Enterobacteriaceae","Escherichia","coli",16.5480745617834,"Smith2019","20C Growth Rate",312.650083954145
"Escherichia coli","Proteobacteria","Gammaproteobacteria","Enterobacteriales","Enterobacteriaceae","Escherichia","coli",14.2552136445752,"Smith2019","20C Growth Rate",313.290611750929
"Escherichia coli","Proteobacteria","Gammaproteobacteria","Enterobacteriales","Enterobacteriaceae","Escherichia","coli",14.3558122044195,"Smith2019","20C Growth Rate",313.341153252456
"Escherichia coli","Proteobacteria","Gammaproteobacteria","Enterobacteriales","Enterobacteriaceae","Escherichia","coli",20.0947198326818,"Smith2019","20C Growth Rate",311.607043757969
"Escherichia coli","Proteobacteria","Gammaproteobacteria","Enterobacteriales","Enterobacteriaceae","Escherichia","coli",12.0750219713149,"Smith2019","20C Growth Rate",312.899325879306
"Escherichia coli","Proteobacteria","Gammaproteobacteria","Enterobacteriales","Enterobacteriaceae","Escherichia","coli",12.4365871504814,"Smith2019","20C Growth Rate",313.496598352973
"Escherichia coli","Proteobacteria","Gammaproteobacteria","Enterobacteriales","Enterobacteriaceae","Escherichia","coli",6.62711292685267,"Smith2019","20C Growth Rate",311.318110171399
"Escherichia coli","Proteobacteria","Gammaproteobacteria","Enterobacteriales","Enterobacteriaceae","Escherichia","coli",1.97525221641827,"Smith2019","20C Growth Rate",309.864165671408
"Escherichia coli","Proteobacteria","Gammaproteobacteria","Enterobacteriales","Enterobacteriaceae","Escherichia","coli",6.00612586420845,"Smith2019","20C Growth Rate",311.933282067902
"Escherichia coli","Proteobacteria","Gammaproteobacteria","Enterobacteriales","Enterobacteriaceae","Escherichia","coli",3.21092781748468,"Smith2019","20C Growth Rate",312.833455828728
"Escherichia coli","Proteobacteria","Gammaproteobacteria","Enterobacteriales","Enterobacteriaceae","Escherichia","coli",1.06242907604417,"Smith2019","20C Growth Rate",310.973570612227
"Glaciecola punicea","Proteobacteria","Gammaproteobacteria","Alteromonadales","Alteromonadaceae","Glaciecola","punicea",1.70065240231569,"Smith2019","20C Growth Rate",292.223769000386
"Glaciecola punicea","Proteobacteria","Gammaproteobacteria","Alteromonadales","Alteromonadaceae","Glaciecola","punicea",1.9785715504661,"Smith2019","20C Growth Rate",288.100686744481
"Halanaerobium alcaliphilum","Firmicutes","Clostridia","Halanaerobiales","Halanaerobiaceae","Halanaerobium","alcaliphilum",1.21666475378324,"Smith2019","20C Growth Rate",310.35996893331
"Halomonas campisalis","Proteobacteria","Gammaproteobacteria","Oceanospirillales","Halomonadaceae","Halomonas","campisalis",1.14566426242482,"Smith2019","20C Growth Rate",305.390855219507
"Halomonas elongata","Proteobacteria","Gammaproteobacteria","Oceanospirillales","Halomonadaceae","Halomonas","elongata",5.33015976360599,"Smith2019","20C Growth Rate",310.088673849931
"Halomonas elongata","Proteobacteria","Gammaproteobacteria","Oceanospirillales","Halomonadaceae","Halomonas","elongata",0.642196113318168,"Smith2019","20C Growth Rate",311.786889798586
"Halomonas elongata","Proteobacteria","Gammaproteobacteria","Oceanospirillales","Halomonadaceae","Halomonas","elongata",4.31619050617712,"Smith2019","20C Growth Rate",309.473429719341
"Halomonas halodenitrificans","Proteobacteria","Gammaproteobacteria","Oceanospirillales","Halomonadaceae","Halomonas","halodenitrificans",3.77718027859481,"Smith2019","20C Growth Rate",306.845769521633
"Halomonas halodenitrificans","Proteobacteria","Gammaproteobacteria","Oceanospirillales","Halomonadaceae","Halomonas","halodenitrificans",0.868571765573423,"Smith2019","20C Growth Rate",305.40174219365
"Halomonas halodenitrificans","Proteobacteria","Gammaproteobacteria","Oceanospirillales","Halomonadaceae","Halomonas","halodenitrificans",3.60298472570968,"Smith2019","20C Growth Rate",307.304727421165
"Halomonas halodenitrificans","Proteobacteria","Gammaproteobacteria","Oceanospirillales","Halomonadaceae","Halomonas","halodenitrificans",1.73853031344307,"Smith2019","20C Growth Rate",305.536734421085
"Halomonas subglaciescola","Proteobacteria","Gammaproteobacteria","Oceanospirillales","Halomonadaceae","Halomonas","subglaciescola",0.011132658282485,"Smith2019","20C Growth Rate",291.586784676696
"Halomonas subglaciescola","Proteobacteria","Gammaproteobacteria","Oceanospirillales","Halomonadaceae","Halomonas","subglaciescola",0.0224865270727761,"Smith2019","20C Growth Rate",295.453367041013
"Halomonas subglaciescola","Proteobacteria","Gammaproteobacteria","Oceanospirillales","Halomonadaceae","Halomonas","subglaciescola",0.0163121488090745,"Smith2019","20C Growth Rate",294.122333216885
"Halomonas subglaciescola","Proteobacteria","Gammaproteobacteria","Oceanospirillales","Halomonadaceae","Halomonas","subglaciescola",0.0261469999258179,"Smith2019","20C Growth Rate",295.071659114867
"Halomonas subglaciescola","Proteobacteria","Gammaproteobacteria","Oceanospirillales","Halomonadaceae","Halomonas","subglaciescola",0.00785351999304784,"Smith2019","20C Growth Rate",294.856060717312
"Heliobacillus mobilis","Firmicutes","Clostridia","Clostridiales","Heliobacteriaceae","Heliobacillus","mobilis",0.351620839493975,"Smith2019","20C Growth Rate",311.638887529784
"Herbaspirillum sp. k1","Proteobacteria","Betaproteobacteria","Burkholderiales","Oxalobacteraceae","Herbaspirillum",NA,0.260482936533885,"Smith2019","20C Growth Rate",301.542976897126
"Hydrogenophaga pseudoflava","Proteobacteria","Betaproteobacteria","Burkholderiales","Comamonadaceae","Hydrogenophaga","pseudoflava",NA,"Smith2019","20C Growth Rate",296.420709841883
"Hydrogenophaga pseudoflava","Proteobacteria","Betaproteobacteria","Burkholderiales","Comamonadaceae","Hydrogenophaga","pseudoflava",5.58743661741584,"Smith2019","20C Growth Rate",295.576323775039
"Hydrogenophaga pseudoflava","Proteobacteria","Betaproteobacteria","Burkholderiales","Comamonadaceae","Hydrogenophaga","pseudoflava",5.23363806456324,"Smith2019","20C Growth Rate",296.240339781294
"Hydrogenophaga pseudoflava","Proteobacteria","Betaproteobacteria","Burkholderiales","Comamonadaceae","Hydrogenophaga","pseudoflava",4.76401499818283,"Smith2019","20C Growth Rate",297.650791224774
"Klebsiella oxytoca","Proteobacteria","Gammaproteobacteria","Enterobacteriales","Enterobacteriaceae","Klebsiella","oxytoca",21.4543705936227,"Smith2019","20C Growth Rate",311.731902991288
"Klebsiella pneumoniae","Proteobacteria","Gammaproteobacteria","Enterobacteriales","Enterobacteriaceae","Klebsiella","pneumoniae",5.41352253358635,"Smith2019","20C Growth Rate",309.61150795104
"Lactobacillus paracasei","Firmicutes","Bacilli","Lactobacillales","Lactobacillaceae","Lactobacillus","paracasei",2.32566495606778,"Smith2019","20C Growth Rate",307.211569678663
"Lactococcus lactis","Firmicutes","Bacilli","Lactobacillales","Streptococcaceae","Lactococcus","lactis",6.72542762087158,"Smith2019","20C Growth Rate",309.717086550937
"Lactococcus lactis","Firmicutes","Bacilli","Lactobacillales","Streptococcaceae","Lactococcus","lactis",20.7576654083794,"Smith2019","20C Growth Rate",307.997267242481
"Lactococcus lactis","Firmicutes","Bacilli","Lactobacillales","Streptococcaceae","Lactococcus","lactis",26.3330864116946,"Smith2019","20C Growth Rate",305.431454834189
"Lactococcus piscium","Firmicutes","Bacilli","Lactobacillales","Streptococcaceae","Lactococcus","piscium",15.0098483410696,"Smith2019","20C Growth Rate",296.680583953827
"Listeria monocytogenes","Firmicutes","Bacilli","Bacillales","Listeriaceae","Listeria","monocytogenes",7.08176475196414,"Smith2019","20C Growth Rate",309.066974402723
"Listeria monocytogenes","Firmicutes","Bacilli","Bacillales","Listeriaceae","Listeria","monocytogenes",7.53390359565829,"Smith2019","20C Growth Rate",309.862992064544
"Listeria monocytogenes","Firmicutes","Bacilli","Bacillales","Listeriaceae","Listeria","monocytogenes",7.2517554772701,"Smith2019","20C Growth Rate",310.106350980929
"Listeria monocytogenes","Firmicutes","Bacilli","Bacillales","Listeriaceae","Listeria","monocytogenes",7.04257285151186,"Smith2019","20C Growth Rate",309.548025772293
"Listeria monocytogenes","Firmicutes","Bacilli","Bacillales","Listeriaceae","Listeria","monocytogenes",11.2726039334487,"Smith2019","20C Growth Rate",310.020774202877
"Listeria monocytogenes","Firmicutes","Bacilli","Bacillales","Listeriaceae","Listeria","monocytogenes",10.6712610379965,"Smith2019","20C Growth Rate",312.437940828774
"Listeria monocytogenes","Firmicutes","Bacilli","Bacillales","Listeriaceae","Listeria","monocytogenes",9.22011972274048,"Smith2019","20C Growth Rate",311.07664814472
"Listeria monocytogenes","Firmicutes","Bacilli","Bacillales","Listeriaceae","Listeria","monocytogenes",11.025181120879,"Smith2019","20C Growth Rate",308.532161229481
"Listeria monocytogenes","Firmicutes","Bacilli","Bacillales","Listeriaceae","Listeria","monocytogenes",11.0056064621366,"Smith2019","20C Growth Rate",308.919155129664
"Listeria monocytogenes","Firmicutes","Bacilli","Bacillales","Listeriaceae","Listeria","monocytogenes",10.6347511417191,"Smith2019","20C Growth Rate",308.812287228114
"Listeria monocytogenes","Firmicutes","Bacilli","Bacillales","Listeriaceae","Listeria","monocytogenes",10.3382366545774,"Smith2019","20C Growth Rate",308.222291429568
"Listeria monocytogenes","Firmicutes","Bacilli","Bacillales","Listeriaceae","Listeria","monocytogenes",12.0362582472069,"Smith2019","20C Growth Rate",311.516036278817
"Marinobacter alkaliphilus","Proteobacteria","Gammaproteobacteria","Alteromonadales","Alteromonadaceae","Marinobacter","alkaliphilus",11.8622455593639,"Smith2019","20C Growth Rate",308.571898204295
"Marinobacter alkaliphilus","Proteobacteria","Gammaproteobacteria","Alteromonadales","Alteromonadaceae","Marinobacter","alkaliphilus",13.4691639432316,"Smith2019","20C Growth Rate",305.443424748115
"Moritella abyssi","Proteobacteria","Gammaproteobacteria","Alteromonadales","Moritellaceae","Moritella","abyssi",0.108032445573943,"Smith2019","20C Growth Rate",277.541746818094
"Moritella marina","Proteobacteria","Gammaproteobacteria","Alteromonadales","Moritellaceae","Moritella","marina",0.361060642578748,"Smith2019","20C Growth Rate",290.530341307588
"Moritella marina","Proteobacteria","Gammaproteobacteria","Alteromonadales","Moritellaceae","Moritella","marina",9.95765599744147,"Smith2019","20C Growth Rate",296.024553216474
"Moritella profunda","Proteobacteria","Gammaproteobacteria","Alteromonadales","Moritellaceae","Moritella","profunda",6.45623667454056e-07,"Smith2019","20C Growth Rate",275.09586086588
"Planococcus halocryophilus","Firmicutes","Bacilli","Bacillales","Planococcaceae","Planococcus","halocryophilus",0.7871809517494,"Smith2019","20C Growth Rate",300.883704515782
"Profundimonas piezophila","Proteobacteria","Gammaproteobacteria","Oceanospirillales","Oceanospirillaceae","Profundimonas","piezophila",4.71784435462214e-05,"Smith2019","20C Growth Rate",283.386115740309
"Pseudoalteromonas antarctica","Proteobacteria","Gammaproteobacteria","Alteromonadales","Pseudoalteromonadaceae","Pseudoalteromonas","antarctica",4.92618501722561,"Smith2019","20C Growth Rate",291.441791561883
"Pseudoalteromonas haloplanktis","Proteobacteria","Gammaproteobacteria","Alteromonadales","Pseudoalteromonadaceae","Pseudoalteromonas","haloplanktis",11.8199642990226,"Smith2019","20C Growth Rate",296.282881264549
"Pseudomonas fluorescens","Proteobacteria","Gammaproteobacteria","Pseudomonadales","Pseudomonadaceae","Pseudomonas","fluorescens",7.63744105127199,"Smith2019","20C Growth Rate",311.658655009332
"Pseudomonas fluorescens","Proteobacteria","Gammaproteobacteria","Pseudomonadales","Pseudomonadaceae","Pseudomonas","fluorescens",19.160284452765,"Smith2019","20C Growth Rate",302.604454554438
"Pseudomonas putida","Proteobacteria","Gammaproteobacteria","Pseudomonadales","Pseudomonadaceae","Pseudomonas","putida",23.3744173131936,"Smith2019","20C Growth Rate",302.157765432099
"Pseudomonas sp. k104","Proteobacteria","Gammaproteobacteria","Pseudomonadales","Pseudomonadaceae","Pseudomonas",NA,0.387442847721386,"Smith2019","20C Growth Rate",300.031444983844
"Pseudoxanthomonas broegbernensis","Proteobacteria","Gammaproteobacteria","Xanthomonadales","Xanthomonadaceae","Pseudoxanthomonas","broegbernensis",0.312645380206646,"Smith2019","20C Growth Rate",301.441092499152
"Psychrobacter glacincola","Proteobacteria","Gammaproteobacteria","Pseudomonadales","Moraxellaceae","Psychrobacter","glacincola",0.238317578572925,"Smith2019","20C Growth Rate",287.732517019213
"Psychrobacter glacincola","Proteobacteria","Gammaproteobacteria","Pseudomonadales","Moraxellaceae","Psychrobacter","glacincola",0.729984986230898,"Smith2019","20C Growth Rate",287.146980408601
"Psychrobacter glacincola","Proteobacteria","Gammaproteobacteria","Pseudomonadales","Moraxellaceae","Psychrobacter","glacincola",0.495299439746827,"Smith2019","20C Growth Rate",287.4756801168
"Psychrobacter muriicola","Proteobacteria","Gammaproteobacteria","Pseudomonadales","Moraxellaceae","Psychrobacter","muriicola",3.20479347801585,"Smith2019","20C Growth Rate",292.988397775687
"Psychromonas profunda","Proteobacteria","Gammaproteobacteria","Alteromonadales","Psychromonadaceae","Psychromonas","profunda",0.0102943122533959,"Smith2019","20C Growth Rate",276.730859364037
"Ralstonia sp. k8","Proteobacteria","Betaproteobacteria","Burkholderiales","Burkholderiaceae","Ralstonia",NA,0.368944647955525,"Smith2019","20C Growth Rate",298.524105445488
"Rhodanobacter sp. k27","Proteobacteria","Gammaproteobacteria","Xanthomonadales","Rhodanobacteraceae","Rhodanobacter",NA,0.130329386965093,"Smith2019","20C Growth Rate",304.477604979923
"Salmonella enterica","Proteobacteria","Gammaproteobacteria","Enterobacteriales","Enterobacteriaceae","Salmonella","enterica",4.6616415029264,"Smith2019","20C Growth Rate",311.379825413762
"Salmonella enterica","Proteobacteria","Gammaproteobacteria","Enterobacteriales","Enterobacteriaceae","Salmonella","enterica",0.992215129543822,"Smith2019","20C Growth Rate",310.868725616039
"Serratia marcescens","Proteobacteria","Gammaproteobacteria","Enterobacteriales","Enterobacteriaceae","Serratia","marcescens",12.7522194870965,"Smith2019","20C Growth Rate",307.934675753816
"Shewanella gelidimarina","Proteobacteria","Gammaproteobacteria","Alteromonadales","Shewanellaceae","Shewanella","gelidimarina",4.76066035434967,"Smith2019","20C Growth Rate",289.343644808641
"Shewanella gelidimarina","Proteobacteria","Gammaproteobacteria","Alteromonadales","Shewanellaceae","Shewanella","gelidimarina",2.61148792423693,"Smith2019","20C Growth Rate",288.65368524808
"Shewanella gelidimarina","Proteobacteria","Gammaproteobacteria","Alteromonadales","Shewanellaceae","Shewanella","gelidimarina",1.74211931123302,"Smith2019","20C Growth Rate",286.229396300875
"Shewanella gelidimarina","Proteobacteria","Gammaproteobacteria","Alteromonadales","Shewanellaceae","Shewanella","gelidimarina",6.55022105714218,"Smith2019","20C Growth Rate",289.060878886634
"Shewanella gelidimarina","Proteobacteria","Gammaproteobacteria","Alteromonadales","Shewanellaceae","Shewanella","gelidimarina",3.68448616506453,"Smith2019","20C Growth Rate",288.465381447694
"Sphingomonas sp. k101","Proteobacteria","Alphaproteobacteria","Sphingomonadales","Sphingomonadaceae","Sphingomonas",NA,0.198143992730391,"Smith2019","20C Growth Rate",301.877678492774
"Sphingomonas sp. k6","Proteobacteria","Alphaproteobacteria","Sphingomonadales","Sphingomonadaceae","Sphingomonas",NA,0.183707681791656,"Smith2019","20C Growth Rate",300.268037566496
"Sphingomonas sp. k74","Proteobacteria","Alphaproteobacteria","Sphingomonadales","Sphingomonadaceae","Sphingomonas",NA,0.254987183997426,"Smith2019","20C Growth Rate",302.263686090679
"Sphingomonas sp. mt1","Proteobacteria","Alphaproteobacteria","Sphingomonadales","Sphingomonadaceae","Sphingomonas",NA,0.230313705238965,"Smith2019","20C Growth Rate",296.720134033819
"Staphylococcus aureus","Firmicutes","Bacilli","Bacillales","Staphylococcaceae","Staphylococcus","aureus",4.53497873322151,"Smith2019","20C Growth Rate",307.317971520252
"Streptococcus thermophilus","Firmicutes","Bacilli","Lactobacillales","Streptococcaceae","Streptococcus","thermophilus",2.59018651527284,"Smith2019","20C Growth Rate",312.532038181784
"Streptococcus thermophilus","Firmicutes","Bacilli","Lactobacillales","Streptococcaceae","Streptococcus","thermophilus",5.15806206829504,"Smith2019","20C Growth Rate",312.96483705005
"Streptococcus thermophilus","Firmicutes","Bacilli","Lactobacillales","Streptococcaceae","Streptococcus","thermophilus",5.01579117931784,"Smith2019","20C Growth Rate",312.96669162655
"Streptococcus thermophilus","Firmicutes","Bacilli","Lactobacillales","Streptococcaceae","Streptococcus","thermophilus",7.99775552051665,"Smith2019","20C Growth Rate",312.552538212209
"Streptococcus thermophilus","Firmicutes","Bacilli","Lactobacillales","Streptococcaceae","Streptococcus","thermophilus",5.2679044763762,"Smith2019","20C Growth Rate",313.457861863575
"Sulfobacillus benefaciens","Firmicutes","Clostridia","Clostridiales","Clostridiales Family XVII. Incertae Sedis","Sulfobacillus","benefaciens",0.252887517257109,"Smith2019","20C Growth Rate",311.116605945904
"Sulfobacillus thermotolerans","Firmicutes","Clostridia","Clostridiales","Clostridiales Family XVII. Incertae Sedis","Sulfobacillus","thermotolerans",0.678381793314468,"Smith2019","20C Growth Rate",312.11687193853
"Trichococcus patagoniensis","Firmicutes","Bacilli","Lactobacillales","Carnobacteriaceae","Trichococcus","patagoniensis",1.47762052484789,"Smith2019","20C Growth Rate",305.314532389973
"Vibrio  psychroerythrus","Proteobacteria","Gammaproteobacteria","Vibrionales","Vibrionaceae","Vibrio ","psychroerythrus",0.138022629715882,"Smith2019","20C Growth Rate",285.725445562875
"Xanthomonas campestris","Proteobacteria","Gammaproteobacteria","Xanthomonadales","Xanothomonadaceae","Xanthomonas","campestris",3.78025249201758,"Smith2019","20C Growth Rate",304.889175969307
"Xylella fastidiosa","Proteobacteria","Gammaproteobacteria","Xanthomonadales","Xanthomonadaceae","Xylella","fastidiosa",1.34876417010003,"Smith2019","20C Growth Rate",300.884868923512
"Yersinia enterocolitica","Proteobacteria","Gammaproteobacteria","Enterobacteriales","Enterobacteriaceae","Yersinia","enterocolitica",0.598678524804302,"Smith2019","20C Growth Rate",296.682141342551
